cn_code,production_route,benchmark
25070080,,0.666
25231000,(A),0.666
25232100,,0.859
25232900,,0.666
25233000,(1),0.717
25239000,(A),0.666
28041000,,5.089
28080000,,0.151
28141000,,1.522
28142000,,0.457
28342100,,0.019
31021012,,0.018
31021015,,0.029
31021019,,0.053
31021090,,0.051
31022100,,0.022
31022900,,0.019
31023010,,0.508
31023090,,0.019
31024010,,0.019
31024090,,0.019
31025000,(1),0.27
31026000,,0.042
31028000,,0.625
31029000,,0.053
31051000,,0.019
31052010,,0.09
31052090,,0.09
31053000,,0.006
31054000,,0.006
31055100,,0.09
31055900,,0.006
31059020,,0.019
31059080,,0.019
26011200,,0.086
72011011,,1.089
72011019,,1.089
72011030,,1.089
72011090,,1.089
72012000,,1.089
72015010,,1.089
72015090,,1.089
72021120,(1),1.361
72021180,(1),1.361
72021900,(1),1.361
72024110,(1),1.142
72024190,(1),1.142
72024910,(1),1.142
72024950,(1),1.142
72024990,(1),1.142
72026000,(1),2.39
72031000,,0.295
72039000,,0.295
72051000,(C),1.288
72052100,(F)(1),1.46
72052900,(C),1.288
72061000,(C),0.15
72069000,(C),0.15
72071111,(C),0.188
72071114,(C),0.188
72071116,(C),0.188
72071190,(C),0.453
72071210,(C),0.188
72071290,(C),0.453
72071912,(C),0.188
72071919,(C),0.453
72071980,(C),0.188
72072011,(C),0.188
72072015,(C),0.188
72072017,(C),0.188
72072019,(C),0.453
72072032,(C),0.188
72072039,(C),0.453
72072052,(C),0.188
72072059,(C),0.453
72072080,(C),0.188
72081000,(C),0.044
72082500,(C),0.044
72082600,(C),0.044
72082700,(C),0.044
72083600,(C),0.044
72083700,(C),0.044
72083800,(C),0.044
72083900,(C),0.044
72084000,(C),0.044
72085120,(C),0.044
72085191,(C),0.044
72085198,(C),0.044
72085210,(C),0.044
72085291,(C),0.044
72085299,(C),0.044
72085310,(C),0.044
72085390,(C),0.044
72085400,(C),0.044
72089020,(C),0.044
72089080,(C),0.044
72091500,(C),0.079
72091610,(C),0.079
72091690,(C),0.079
72091710,(C),0.079
72091790,(C),0.079
72091810,(C),0.079
72091891,(C),0.079
72091899,(C),0.079
72092500,(C),0.079
72092610,(C),0.079
72092690,(C),0.079
72092710,(C),0.079
72092790,(C),0.079
72092810,(C),0.079
72092890,(C),0.079
72099020,(C),0.079
72099080,(C),0.079
72101100,(C),0.112
72101220,(C),0.112
72101280,(C),0.112
72102000,(C),0.112
72103000,(C),0.112
72104100,(C),0.112
72104900,(C),0.112
72105000,(C),0.112
72106100,(C),0.112
72106900,(C),0.112
72107010,(C),0.112
72107080,(C),0.112
72109030,(C),0.112
72109040,(C),0.112
72109080,(C),0.112
72111300,(C),0.044
72111400,(C),0.044
72111900,(C),0.044
72112320,(C),0.079
72112330,(C),0.079
72112380,(C),0.079
72112900,(C),0.079
72119020,(C),0.079
72119080,(C),0.079
72121010,(C),0.112
72121090,(C),0.112
72122000,(C),0.112
72123000,(C),0.112
72124020,(C),0.112
72124080,(C),0.112
72125020,(C),0.112
72125030,(C),0.112
72125040,(C),0.112
72125061,(C),0.112
72125069,(C),0.112
72125090,(C),0.112
72126000,(C),0.112
72131000,(C),0.038
72132000,(C),0.038
72139110,(C),0.038
72139120,(C),0.038
72139141,(C),0.038
72139149,(C),0.038
72139170,(C),0.038
72139190,(C),0.038
72139910,(C),0.038
72139990,(C),0.038
72141000,(C),0.303
72142000,(C),0.038
72143000,(C),0.038
72149110,(C),0.038
72149190,(C),0.038
72149910,(C),0.038
72149931,(C),0.038
72149939,(C),0.038
72149950,(C),0.038
72149971,(C),0.038
72149979,(C),0.038
72149995,(C),0.038
72151000,(C),0.038
72155011,(C),0.038
72155019,(C),0.038
72155080,(C),0.038
72159000,(C),0.038
72161000,(C),0.038
72162100,(C),0.038
72162200,(C),0.038
72163110,(C),0.038
72163190,(C),0.038
72163211,(C),0.038
72163219,(C),0.038
72163291,(C),0.038
72163299,(C),0.038
72163310,(C),0.038
72163390,(C),0.038
72164010,(C),0.038
72164090,(C),0.038
72165010,(C),0.038
72165091,(C),0.038
72165099,(C),0.038
72166110,(C),0.038
72166190,(C),0.038
72166900,(C),0.038
72169110,(C),0.038
72169180,(C),0.038
72169900,(C),0.038
72171010,(C),0.038
72171031,(C),0.038
72171039,(C),0.038
72171050,(C),0.038
72171090,(C),0.038
72172010,(C),0.071
72172030,(C),0.071
72172050,(C),0.071
72172090,(C),0.071
72173041,(C),0.071
72173049,(C),0.071
72173050,(C),0.071
72173090,(C),0.071
72179020,(C),0.071
72179050,(C),0.071
72179090,(C),0.071
72181000,(1),0.358
72189110,(1),0.128
72189180,(1),0.128
72189911,(1),0.128
72189919,(1),0.358
72189920,(1),0.128
72189980,(1),0.358
72191100,(1),0.073
72191210,(1),0.073
72191290,(1),0.073
72191310,(1),0.073
72191390,(1),0.073
72191410,(1),0.073
72191490,(1),0.073
72192110,(1),0.073
72192190,(1),0.073
72192210,(1),0.073
72192290,(1),0.073
72192300,(1),0.073
72192400,(1),0.073
72193100,(1),0.109
72193210,(1),0.109
72193290,(1),0.109
72193310,(1),0.109
72193390,(1),0.109
72193410,(1),0.109
72193490,(1),0.109
72193510,(1),0.109
72193590,(1),0.109
72199020,(1),0.109
72199080,(1),0.109
72201100,(1),0.073
72201200,(1),0.073
72202021,(1),0.109
72202029,(1),0.109
72202041,(1),0.109
72202049,(1),0.109
72202081,(1),0.109
72202089,(1),0.109
72209020,(1),0.109
72209080,(1),0.109
72210010,(1),0.109
72210090,(1),0.109
72221111,(1),0.109
72221119,(1),0.109
72221181,(1),0.109
72221189,(1),0.109
72221910,(1),0.109
72221990,(1),0.109
72222011,(1),0.109
72222019,(1),0.109
72222021,(1),0.109
72222029,(1),0.109
72222031,(1),0.109
72222039,(1),0.109
72222081,(1),0.109
72222089,(1),0.109
72223051,(1),0.303
72223091,(1),0.303
72223097,(1),0.303
72224010,(1),0.109
72224050,(1),0.109
72224090,(1),0.109
72230011,(1),0.109
72230019,(1),0.109
72230091,(1),0.109
72230099,(1),0.109
72241010,(F),0.453
72241090,(F),0.453
72249002,(F),0.223
72249003,(F),0.223
72249005,(F),0.223
72249007,(F),0.223
72249014,(F),0.223
72249018,(F),0.453
72249031,(F),0.223
72249038,(F),0.223
72249090,(F),0.453
72251100,(C),0.073
72251910,(C),0.073
72251990,(C),0.109
72253010,(F)(1),0.073
72253030,(F)(1),0.073
72253090,(F)(1),0.073
72254012,(F)(1),0.073
72254015,(F)(1),0.073
72254040,(F)(1),0.073
72254060,(F)(1),0.073
72254090,(F)(1),0.073
72255020,(F)(1),0.109
72255080,(F)(1),0.109
72259100,(F)(1),0.142
72259200,(F)(1),0.142
72259900,(F)(1),0.142
72261100,(C),0.073
72261910,(C),0.073
72261980,(C),0.109
72262000,(F)(1),0.073
72269120,(F)(1),0.073
72269191,(F)(1),0.073
72269199,(F)(1),0.073
72269200,(F)(1),0.109
72269910,(F)(1),0.142
72269930,(F)(1),0.142
72269970,(F)(1),0.142
72271000,(F)(1),0.109
72272000,(F)(1),0.109
72279010,(C),0.109
72279050,(C),0.109
72279095,(F)(1),0.109
72281020,(F)(1),0.109
72281050,(F)(1),0.303
72281090,(F)(1),0.109
72282010,(F)(1),0.109
72282091,(F)(1),0.109
72282099,(F)(1),0.109
72283020,(F)(1),0.109
72283041,(C),0.109
72283049,(C),0.109
72283061,(F)(1),0.109
72283069,(F)(1),0.109
72283070,(F)(1),0.109
72283089,(F)(1),0.109
72284010,(F)(1),0.303
72284090,(F)(1),0.303
72285020,(F)(1),0.109
72285040,(C),0.109
72285061,(F)(1),0.109
72285069,(F)(1),0.109
72285080,(F)(1),0.109
72286020,(F)(1),0.109
72286080,(F)(1),0.109
72287010,(F)(1),0.109
72287090,(F)(1),0.109
72288000,(F)(1),0.109
72292000,(F)(1),0.109
72299020,(F)(1),0.109
72299050,(C),0.109
72299090,(F)(1),0.109
73011000,(C),0.079
73012000,(C),0.079
73021010,(C),0.057
73021022,(C),0.057
73021028,(C),0.057
73021040,(C),0.057
73021050,(C),0.057
73021090,(C),0.057
73023000,(C),0.057
73024000,(C),0.057
73029000,(C),0.057
73030010,,0.163
73030090,,0.163
73041100,(1),0.057
73041910,(C),0.057
73041930,(C),0.057
73041990,(C),0.057
73042200,(1),0.057
73042300,(C),0.057
73042400,(1),0.057
73042910,(C),0.057
73042930,(C),0.057
73042990,(C),0.057
73043120,(C),0.057
73043180,(C),0.057
73043950,(C),0.057
73043982,(C),0.057
73043983,(C),0.057
73043988,(C),0.057
73044100,(1),0.057
73044983,(1),0.057
73044985,(1),0.057
73044989,(1),0.057
73045110,(F)(1),0.057
73045181,(F)(1),0.057
73045189,(F)(1),0.057
73045930,(C),0.057
73045982,(F)(1),0.057
73045983,(F)(1),0.057
73045989,(F)(1),0.057
73049000,(C),0.057
73051100,(C),0.079
73051200,(C),0.079
73051900,(C),0.079
73052000,(C),0.079
73053100,(C),0.079
73053900,(C),0.079
73059000,(C),0.079
73061100,(1),0.109
73061900,(C),0.079
73062100,(1),0.109
73062900,(C),0.079
73063012,(C),0.079
73063018,(C),0.044
73063041,(C),0.112
73063049,(C),0.112
73063072,(C),0.112
73063077,(C),0.112
73063080,(C),0.112
73064020,(1),0.109
73064080,(1),0.073
73065021,(F)(1),0.109
73065029,(F)(1),0.073
73065080,(F)(1),0.109
73066110,(1),0.109
73066192,(C),0.112
73066199,(C),0.112
73066910,(1),0.109
73066990,(C),0.112
73069000,(C),0.112
73071110,,0.163
73071190,,0.163
73071910,,0.163
73071990,(C),0.303
73072100,(1),0.057
73072210,(1),0.057
73072290,(1),0.057
73072310,(1),0.057
73072390,(1),0.057
73072910,(1),0.057
73072980,(1),0.057
73079100,(C),0.057
73079210,(C),0.057
73079290,(C),0.057
73079311,(C),0.057
73079319,(C),0.057
73079391,(C),0.057
73079399,(C),0.057
73079910,(C),0.057
73079980,(C),0.057
73081000,(C),0.112
73082000,(C),0.112
73083000,(C),0.112
73084000,(C),0.112
73089051,(C),0.112
73089059,(C),0.112
73089098,(C),0.112
73090010,(C),0.112
73090030,(C),0.112
73090051,(C),0.112
73090059,(C),0.112
73090090,(C),0.112
73101000,(C),0.112
73102111,(C),0.112
73102119,(C),0.112
73102191,(C),0.112
73102199,(C),0.112
73102910,(C),0.112
73102990,(C),0.112
73110011,(C),0.038
73110013,(C),0.038
73110019,(C),0.038
73110030,(C),0.038
73110091,(C),0.038
73110099,(C),0.038
73181100,(C),0.038
73181210,(1),0.038
73181290,(C),0.038
73181300,(C),0.038
73181410,(1),0.038
73181491,(C),0.038
73181499,(C),0.038
73181520,(C),0.038
73181535,(1),0.038
73181542,(C),0.038
73181548,(C),0.038
73181552,(1),0.038
73181558,(C),0.038
73181562,(1),0.038
73181568,(C),0.038
73181575,(1),0.038
73181582,(C),0.038
73181588,(C),0.038
73181595,(C),0.038
73181631,(1),0.038
73181639,(1),0.038
73181640,(C),0.038
73181660,(C),0.038
73181692,(C),0.038
73181699,(C),0.038
73181900,(C),0.038
73182100,(C),0.038
73182200,(C),0.038
73182300,(C),0.038
73182400,(C),0.038
73182900,(C),0.038
73261100,(C),0.303
73261910,(C),0.303
73261990,(C),0.303
73262000,(C),0.071
73269030,(C),0.038
73269040,(C),0.038
73269050,(C),0.038
73269060,(C),0.038
73269092,(C),0.303
73269094,(C),0.303
73269096,(C),0.303
73269098,(C),0.112
76011010,(K),1.423
76011090,(K),1.423
76012030,(K),1.423
76012040,(K),1.423
76012080,(K),1.423
76031000,(K),0.046
76032000,(K),0.046
76041010,(K),0.056
76041090,(K),0.06
76042100,(K),0.06
76042910,(K),0.056
76042990,(K),0.06
76051100,(K),0.056
76051900,(K),0.056
76052100,(K),0.056
76052900,(K),0.056
76061130,(K),0.056
76061150,(K),0.056
76061191,(K),0.056
76061193,(K),0.056
76061199,(K),0.056
76061211,(K),0.056
76061219,(K),0.056
76061230,(K),0.056
76061250,(K),0.056
76061292,(K),0.056
76061293,(K),0.056
76061299,(K),0.056
76069100,(K),0.056
76069200,(K),0.056
76071111,(K),0.166
76071119,(K),0.166
76071190,(K),0.166
76071910,(K),0.166
76071990,(K),0.166
76072010,(K),0.166
76072091,(K),0.166
76072099,(K),0.166
76081000,(K),0.06
76082020,(K),0.06
76082081,(K),0.06
76082089,(K),0.06
76090000,(K),0.06
76101000,(K),0.06
76109010,(K),0.06
76109090,(K),0.06
76110000,(K),0.166
76121000,(K),0.166
76129020,(K),0.166
76129030,(K),0.166
76129080,(K),0.166
76130000,(K),0.166
76141000,(K),0.056
76149000,(K),0.056
76161000,(K),0.056
76169100,(K),0.056
76169910,(K),0.046
76169990,(K),0.056
